Item,Alias
4 OR 6packyokes,"4 OR 6-packyokes,six-packrings"
4 OR 6packyokes,4 OR 6-packyokes
4 OR 6packyokes,4 OR 6packyokes
"advertisements,signs","advertisements,signs"
aerosolcans,aerosol OR spraycans
aerosolcans,aerosolcans
aerosolcans,aerosolcan
aerosolcans,aerosol OR speaycansindustry
agriculturaltarpaulinandpackaging,agriculturaltarpaulinandpackaging
alcoholother,paperalcoholpackaging
alcoholother,alcoholother
alcoholother,papercardalcoholpackaging
anchor,anchor
potteryorceramic,potteryorceramic
potteryorceramic,otherceramic OR potteryitems(pleasespecifyinotheritembox*)
potteryorceramic,anypotteryorceramic
appliances,appliances
appliances,electricappliances
appliances,appliances:household
appliances,appliances(refigeratorsorwashersetc)
appliances,appliances(refigeratorsorwastersetc)
appliances,appliances&electronics
appliances,"appliances(refrigerators,washers,etc.)"
"appliances,bikes,carts","appliances,bikes,carts"
autoproducts,autoproducts
backpacks&bags,backpacks&bags
bag(grocery),grocerybags(plastic)
bag(grocery),bag(grocery)
bag(grocery),bags(includingsupermarket)
bag(grocery),bags(e.g.shopping)
bag(grocery),bags:grocery OR retail(plastic)
bag(grocery),plasticgrocerybags
bag(grocery),retailbag
bag(trash),bags:trash(plastic)
bag(trash),bag(trash)
"bag(zip-lock,produce,other)","bag(zip-lock,produce,other)"
bagends,plasticbagends
bagends,plasticbagcollectiverole;whatremainsfromrip-offplasticbags
baggeddogfaeces,inbags
baggeddogfaeces,baggeddogfaeces
baggeddogfaeces,dogfaecesbag
baggeddogfaeces,dogpoop(bagged)
baggeddogfaeces,bags(cloth)
baggeddogfaeces,bags(burlap OR hessian)
bags,bag
bags,bags
bags,paperbags
bags,paperbag
bags,bags(paper)
bags,plasticbags
bags,plasricbags
bags,otherplasticbags
bags,bags(plastic)
bags,plasticbag
baitcontainers,baitcontainerspackaging(plastic)
baitcontainers,baitcontainers
baitcontainers,baitcontainerspackaging(styrofoam)
baitcontainers OR crates,baitcontainers OR crates
baitcontainers OR crates OR lures,baitcontainers OR crates OR lures
baitcontainers OR packaging,baitcontainersorpackaging
baitcontainers OR packaging,baitcontainers OR packaging
baitcontainers OR packaging,baircontainersorpackaging
"balloon,tennisball,football,dogtoy","balloon,tennisball,football,dogtoy"
balloons,baloons
balloons,balloons
balloons,latexballoons
balloons,baloon(mylar OR latex) OR ribbon
balloons,balloons OR balloonstring
balloons,"balloons,includingplasticvalves,ribbons,stringsetc."
balloons,balloon
balloons,balloons-mylar
balloons,balloonsand OR orstring
balloons,balloonand OR orstring
balloons,balloons(latex)
balloons,balloons-latex
balloons,balloons(mylar)
balloonsandballoonsticks,balloonsandballoonsticks
balls,balls
bandages,bandaid
bandages,bandages
"bar,pipe,orwire","metalbar,pipe,orwire"
barrels,barrels
"baskets,crates","baskets,crates"
batteries,householdbatteries
batteries,batteries
batteries,"batteries:aa,aaa,c&d,6v,9v,etc"
batteries,battery
batteries(acidicandalkaline),batteries(acidicandalkaline)
batteries:carorboat,batteries:carorboat
batteries:carorboat,"batteries:aa,aaa,etc."
"beachuserelatedcosmeticbottlesand.containers,e.g.sunblock","beachuserelatedcosmeticbottlesand.containers,e.g.sunblock"
beams OR dunnage,beams OR dunnage
beerbottle,beerbottle
beercans,beercan
beercans,beercans
beveragebottles,bottle
beveragebottles,glassbeveragebottle
beveragebottles,beveragebottles
beveragebottles,bottles
beveragebottles,bottlesincl.pieces
beveragebottles,otherplasticbottles
beveragebottles,bleach OR cleaner OR oilbottles
beveragebottles,beveragebottles(glass)
beveragebottles,glassbottle
beveragebottles,glassbottles
beveragebottles,bev.bottles(glass)
beveragebottles,beveragebottles(plastic)
beveragebottles,plasticdrinkbottles
beveragebottles,plasticbottle
beveragebottles,bottles(plastic)
beveragebottles,bev.bottles(plastic)
beveragecans,beveragecans(aluminum)
beveragecans,beveragecans
beveragecans,beveragecans(aluminium)
beveragecans,cans(beverage)
beveragecans,bev.cans
beveragecans,beveragecan
beveragecans,drinkcans
beveragecans,metaldrinkscan
beveragecans,drinkcan
beveragecans,softdrinkcans
beverageconatiners,glass-recyclablebeveragecontainers(crvlabeled)
beverageconatiners,beveragecontainers
beverageconatiners,plastic-recyclablebeveragecontainers(crv-labeled)
blisterpack,blisterpack
boatparts,boatparts
bobbins(fishing),bobbins(fishing)
"bolts,nails,andscrews","bolts,nails,andscrews"
books,books
boots,boots
bottlecaps,cap OR lid
bottlecaps,bottlecaps
bottlecaps,bottleorcontainercaps
bottlecaps,bottlecaps&lids
bottlecaps,bottlecaps(plastic)
bottlecaps,plasticcaps
bottlecaps,plasticcapsandlids
bottlecaps,plasticcaps OR lidsdrinks
bottlecaps,plasticbottleorcontainercaps
bottlecaps,plasticbottlecaps
bottlecaps,plasticbottlecap
bottlecaps,plasticcaporcontainerlid
"bottlecaps,lids&pulltabs",foambottleseals&tabs
"bottlecaps,lids&pulltabs","bottlecaps,lids&pulltabs"
bottlelabel,bottlelabel
bottleneckrings,plasticringsfrombottlecaps OR lids
bottleneckrings,bottleneckrings
bottles&jars,bottle OR jars(glass)
bottles&jars,bottles&jars
bottles&jars,glassbottle OR jar-other
bottles&jars,"glass(bottle,jar)"
"bottles,etc.>2l",beveragebottles:2litresormore(plastic)
"bottles,etc.>2l","bottles,etc.>2l"
"bottles,etc.>2l",beveragebottles:2litresormore
"bottles:bleach,cleaner",cleanerbottles&containers
"bottles:bleach,cleaner","bottles:bleach,cleaner"
"bottles:bleach,cleaner",bleachorcleanerbottles
"bottles:bleach,cleaner",bleach OR cleanerbottles
"bottles:bleach,cleaner",beach&cleanbottles
bottles:oil OR lube,oilorlubebottles
bottles:oil OR lube,bottles:oil OR lube
bottles:oil OR lube,oil OR lubebottles
bottles<2l,beveragebottles(plastic)2litersorless
bottles<2l,bottles<2l
bottles<2l,beveragebottles:lessthan2litres(plastic)
bottles<2l,beveragebottles:lessthan2litres
"bricks,cinderblocks,chunksofcement",brick OR rubble
"bricks,cinderblocks,chunksofcement","bricks,cinderblocks,chunksofcement"
"bricks,cinderblocks,chunksofcement",aggregate&brick
buckets,buckets
"buckets,drums&jerrycans:2litresormore","buckets,drums,&jerrycans"
"buckets,drums&jerrycans:2litresormore","buckets,drums&jerrycans:2litresormore"
bulkbags,bulkbags
buoys,buoy
buoys,buoys
buoys,buoys(glass)
buoys,glassbuoys
buoys&floats,buoys&floats
buoys&floats,buoys&floats(plastic&foamed)
buoys&floats,floats OR buoys
buoys&floats,buoysorfloats
buoys&floats,buoysandfloats
buoys&floats,buoys OR floats
buoys&floats,buoyorfloat
cables,cables
cableties,cableties
cans,can-other
cans,cans
cans,tincan
cans,aluminumortincans
cans,alumniumortincans
cans,aluminumcans
cans,aluminumcan
cans,aluminum OR tincans
cans,aluminum OR tindrinkcans
cans,otheraluminumortincan
cans OR tins,cans OR tins
caps OR lids,capslids
caps OR lids,caps OR lids
caps OR lids,caps&lids
caps OR lids,bottletops
caps OR lids,bottlelid
caps OR lids,caps&lids(metal)
caps OR lids,bottlecaps(metal)
caps OR lids,metalbottlecaps
caps OR lids,metalcaps OR lids
caps OR lids,metalbottlecap
caps OR lids,caps&lids(plastic)
caps OR lids,plasticcaps OR lidsunidentified
caps OR lids,"plasticcaps OR lidschemicals,detergents"
car OR boatparts,car OR boatparts
cardboard,cardboard(boxes&fragments)
cardboard,cardboard
cardboard,cardboardboxes&fragments
cardboard,corregatedcardboard
cardboardcartons,cartonse.g.tetrapak(other)
cardboardcartons,cardboardcartons
cardboardcartons,cartons OR tetrapack(others)
carparts,carparts OR carbatteries
carparts,carparts
carparts,cars&carparts
carparts,carparts OR batteries
carparts,carscarparts
carparts,carsorcarparts
carparts,endoflifevehicles
carpet&furnishing,carpet&furnishing
carpet(synthetic),carpet
carpet(synthetic),carpet(synthetic)
carts OR parts,carts OR parts
"cd,cd-box",cds
"cd,cd-box","cd,cd-box"
chemicalsandchemicalcontainers,chemicalsandchemicalcontainers
cigarettebutts,cigarettestubs
cigarettebutts,cigarrettebutts
cigarettebutts,cigarettebutts
cigarettebutts,cigarettes
cigarettebutts,cigaerettes
cigarettebutts,cigarrettes
cigarettebutts,cigarettebutt
cigarettebuttsandfilters,cigarettesorcigarettefilters
cigarettebuttsandfilters,cigarettebuttsandfilters
cigarettebuttsandfilters,cigarettebutts OR filters
cigarettebuttsandfilters,cigs&cigfilters
cigarettefilters,papersfilters
cigarettefilters,cigarettefilters
cigarettefilters,filters
cigarettelighters,disposablecigarettelighters
cigarettelighters,cigarettelighters
cigarettelighters,lighters
cigarettelighters,ciglghtrs
cigarettelighters,cigarettelighter
cigarettelighters OR tobaccopouches,cigarettelighters OR tobaccopackaging
cigarettelighters OR tobaccopouches,cigarettelighters OR tobaccopouches
cigarettelighters OR tobaccopouches,cigarettelighters&packaging
cigarettematerials,cigarettematerials
cigarettematerials,"cigaretts,butts,lighters,packaging"
cigarettepackets,cigarettebox
cigarettepackets,cigarettepackets
cigarettes OR cigartips,cigarettes OR cigartips
cigartips,cigartips
"cleaner(bottles,containersanddrums)","cleaner(bottles,containersanddrums)"
clothfragments,clothpieces
clothfragments,clothfragments
clothfragments,othercloth
clothfragments,otherfabric
clothfragments,fabricpieces
clothfragments,othetextiles(incl.rags)
clothing,articlesofclothing
clothing,clothing
clothing&shoes,"clothing(clothes,shoes)"
clothing&shoes,clothing&shoes
clothing&shoes,cloth OR shoes
clothing&shoes,clothingshoes
clothing&shoes,clothingandshoes
clothing&shoes,clothes OR shoes
clothing&shoes,clothes&shoes
"clothing,hats,gloves&towels","clothing,hats,gloves&towels"
clothing OR rags,"clothing OR rags(clothing,hats,towels)"
clothing OR rags,clothing OR rags
clothing OR shoes OR beachtowels,clothing OR shoes OR beachtowels
clothing OR towel OR gloves,clothing OR towel OR gloves
clothing OR towels OR gloves OR shoes,clothing OR towels OR gloves OR shoes
coffeecup,coffeecups
coffeecup,coffeecup
coffeecuplid,coffeelids
coffeecuplid,coffeecuplid
coffeeother,coffeeother
combs OR hairbrushes,combs OR hairbrushes
combs OR hairbrushes OR sunglasses,combs OR hairbrushes OR sunglasses
computerequiptment&otherelectronicdevices,computerequipment&otherelectronicdevices
condoms,condoms(incl.packaging)
condoms,condoms
condoms,condoms(cautionifpickingup!)
"constructionmaterial(brick,cement,pipes)","constructionmaterial(brick,cement,pipes)"
containers OR tubes,containers(plastic)
containers OR tubes,containers OR tubes
containers OR tubes,"hdpecontainer(shampoobottles,milkjugs,etc.)"
containers OR tubes,glasscontainer
contraceptives,contraceptives
corks,corks
"cosmetics(bottles&containerse.g.sunlotion,shampoo,showergel,deodorant)",othercosmeticbottles&containers
"cosmetics(bottles&containerse.g.sunlotion,shampoo,showergel,deodorant)","cosmetics(bottles&containerse.g.sunlotion,shampoo,showergel,deodorant)"
cottonbudsticks,cottonbuds
cottonbudsticks,cottonbudsticks
cottonbudsticks,cottonbud
cottonbudsticks,earswabs
cover OR packaging,cover OR packaging
craborlobsterorfishtraps,crab OR lobster OR fishtrapparts
craborlobsterorfishtraps,craborlobsterorfishtraps
craborlobsterorfishtraps,crab OR lobster OR fishtraps
craborlobsterorfishtraps,crablobsterfishtraps(metal)
craborlobsterorfishtraps,crablobsterfishtraps(plastic)
crabtrapinneedofremoval,crabtrapinneedofremoval
crabtrapthathasbeenremoved,crabtrapthathasbeenremoved
crates,crates
cratesandcontainers,cratesandcontainers
cratesandcontainers OR baskets,"baskets,crates&trays"
cratesandcontainers OR baskets,cratesandcontainers OR baskets
crisp OR sweet OR lolly OR sandwichwrappers,crisp OR sweetpacketsandlollysticks
crisp OR sweet OR lolly OR sandwichwrappers,crisp OR sweet OR lolly OR sandwichwrappers
crisplarge,crisplarge
crisppackets,crisppackets
crisppackets OR sweetswrappers,crisppackets OR sweetswrappers
crispsmall,crispsmall
cups,cup
cups,cups
cups,cups(includingpolystyrene OR foamedplastic)
cups,styrofoamcups
cups,cups&plates(plastic)
cups,plasticcups OR plastes OR containers
cups,plasticcups OR plates
cups,cups OR plates(plastic)
cups,cups&plates(paper)
cups,papercups OR plates OR containers
cups,papercups OR plates
cups,cups OR plates(paper)
cups,foamorplasticcups
cups,foamcuporcontainer
cups,papercups
cups,plasticcups
cups,plasticcup
cups&plates,cups&plates(foam)
cups&plates,foamcups OR plates OR containers
cups&plates,foamcups OR plates
cups&plates,foamorplasticcupsandplates
cups&plates,styrofoamcups OR plates OR packaging
"cups,foodtrays,foodwrappers,drinkcontainers","cups,foodtrays&wrappers"
"cups,foodtrays,foodwrappers,drinkcontainers","cups,foodtrays,wrappers,drinkcontainers"
"cups,lids,straws","cups,lids,straws"
"cups,plastes,forks,knives,spoons",cupsorplatesorforksorknivesorspoons
"cups,plastes,forks,knives,spoons","cups,plastes,forks,knives,spoons"
"cups,plastes,forks,knives,spoons","cups,plates,forks,knives,spoons(plastic)"
"cups,plates,tableware,dishes","cups,plates,tableware,dishes(metal)"
"cups,plates,tableware,dishes","cups,plates,tableware,dishes"
"cups,plates,tableware,dishes","cups,plates,tableware,dishes(glass&ceramic)"
"cups,plates,utensils","cups,plates,utensils"
"cups,plates,utensils","tableware(plates,cups&cutlery)"
cupsandcuplids,foamorplasticcups OR lids
cupsandcuplids,cupsandcuplids
cutlery OR trays,cutleryandtrays
cutlery OR trays OR straws,cutlery OR trays OR straws
cutlery OR trays OR straws OR cups,cutlery OR trays OR straws OR cups
cylindricalpellets<5mm,cylindricalpellets<5mm
degradedbag,degradedplasticbag
degradedbottle,degradedplasticbottle
degradedlighters,degradedlighters
degradedstraws,degradedstraws
dentalflossers,dentalflossers
deoderant,deoderant
derelicttraps OR trappieces,derelicttraps OR trappieces
diapers,plasticdiapers
diapers,diapers
diapers OR nappies,diaper OR nappy
diapers OR nappies,diapers OR nappies
diskspellets<5mm,diskspellets<5mm
disposablebbq's,disposablebbq's
disposablebbq's,bbq's(disposable)
disposablefood&beverageware,expandedpolystyrene(eps)disposablefood&beverageware
dogpoop(unbagged),notinbags
dogpoop(unbagged),dogpoop(un-bagged)
dogpoop(unbagged),dogshit
dogwastebags,dogwastebags
drinkbottles<=0.5l,drinkbottles<=0.5l
drinkbottles>0.5l,drinkbottles>0.5l
drinks,drinks
drinks,"drinks(bottles,containersanddrums)"
drugparaphanalia OR syringes,drugparaphanalia OR syringes
drugs,drugs
drums,drums
drums,conatinerdrums
drums,drum
drums,otherbottles&containers(drums)
drums:55gallon,55-galdrums
drums:55gallon,drums:55gallon
drums:55gallon,55-gallondrums
earplugs,earplugs
electionposters,eleclarge
electionposters,electionposters
energycan,energycan
engineoilbottles&containers<50cm,engineoilcontainersanddrums<50cm
engineoilbottles&containers<50cm,engineoilbottles&containers<50cm
engineoilbottles&containers>50cm,engineoilcontainersanddrums>50cm
engineoilbottles&containers>50cm,engineoilbottles&containers>50cm
e-wastefragments,othere-waste
e-wastefragments,e-wastefragments
facemask,facemask
fastfoodcontainers OR cups,fastfoodcontainers OR cups
fastfoodcontainers OR cups,"containers:fastfood,lunchboxes"
fastfoodcontainers OR cups,takeout OR awaycontainers(plastic)
fastfoodcontainers OR cups,takeout OR awaycontainers(foam)
fastfoodcontainers OR cups,containers:fastfood
fastfoodcontainers OR cups,take-outpackaging
femininehygeneitems,femininehygeneitems
fencing,fencing
fenders,fenders
fertilizer OR animalfeedbags,fertiliser OR animalfeedbags
fertilizer OR animalfeedbags,fertiliser OR anima;deefbags
fibreglass OR fragments,fibreglassfragments
fibreglass OR fragments,fibreglass OR fragments
fibreglass OR fragments,fibreglass
filament<5mm,filament<5mm
film(think OR flexiblee.g.strawwrapper),plasticfilm
film(think OR flexiblee.g.strawwrapper),film(thin OR flexiblee.g.strawwrapper)
film(think OR flexiblee.g.strawwrapper),film-likeplastics(gladwrapandchipbags)
film(think OR flexiblee.g.strawwrapper),"plasticfilm,wrapperortape"
filmfragments,filmfragments
films<5mm,films<5mm
filmstrip,filmstrip(movie)
filterbox,filterbox
fintrees(fromfinsforscubadiving),fintrees(fromfinsforscubadiving)
fireworks,fireworkds
fireworks,fireworks
fishaggregatingdevices,fishaggregatingdevices
fishboxes,fishboxes-plastic
fishboxes,fishboxes
fishboxes,fishboxes-expandedpolystyrene
fishhook,fishhookremains
fishhook,fishhook
fishhook,fishinghooks
fishhook,fishinghook
"fishing:lures,rods OR poles","fishing:lures,rods OR poles"
"fishing:sinkers,lures,hooks","fishing:sinkers,lures,hooks"
"fishingbouys,pots&traps","buoys,crabpots&traps"
"fishingbouys,pots&traps","fishingbuoys,pots&traps"
fishingline,fishingline
fishingline,fishing:line
fishingline,fishingline(monofilament)
fishingline,fishinglines
fishingline(anglers),fishingline(angling)
fishingline(anglers),fishingline(anglers)
fishingline(anglers),fishingline OR monofilament(angling)
fishingline(anglers),monofilament OR fishingline
fishingline(entangled),fishingline(entangled)
fishingline OR net,fishingline OR net
fishinglures,fishinglure
fishinglures,fishinglures
fishinglures&line,fishingluresandlines
fishinglures&line,fishinglures&line
fishingluresorlightsticks,fishinglures OR lightsticks
fishingluresorlightsticks,fishingluresorlightsticks
fishingnetandnetpieces>50cm,fishingnetandnetpieces>50cm
fishingnets,nets(incl.baitbags)
fishingnets,net
fishingnets,plasticnet
fishingnets,plasticnetornetpieces
fishingnets,plasticrope OR netpieces
fishingnets,non-nylonnet
fishingnets,fishingnet&pieces
fishingnets,fishingnets
fishingnets,net(estimatesize)
fishingnets,fishingnet
fishingnets,fishing:nets&piecesofnets
fishingnets,fishinggearnets
fishingnets,fishpot(net)
fishingrelated,otherfishingrelated
fishingrelated,fishingrelated
fishingrelated,otherfishinggear
fishingrelated,"fishingrelated(weights,sinkers,lures,hooks)"
fishingrubbertailbaits&weights,fishingrubbertailbaits&weights
fishingtrapsandpots,fising:traps&pots
fishingtrapsandpots,fishingtrapsandpots
fishingtrapsandpots,fishing:traps&pots
fishingweights,fishingweights
fishingweights OR hooks OR lures,fishingweights OR hooks OR lures
fishpot,fishpot
fishpot(eel),fishpot(eel)
fizzydrinkbottle,fizzydrinkbottle
flatpellets<5mm,flatpellets<5mm
flip-flops,flipflop
flip-flops,flip-flops
floats(fishingbuoys) OR reels,floatsbuoys(metal)
floats(fishingbuoys) OR reels,floats(fishingbuoys) OR reels
floats(fishingbuoys) OR reels,floatsbuoys(plastic)
floats(fishingbuoys) OR reels,plasticbuoys&floats
floats(fishingbuoys) OR reels,floatsbuoys(styrofoam)
floats(fishingbuoys) OR reels,foambuoys
floatsforfishingnets,floatsforfishingnets
floorcover,floorcover
flowerpots,plasticflowerpots
foil,alumninumfoil
foil,"metal(soft,tinfoil)"
foil,"othermetal,foil"
food,foodwaste(galleywaste)
food,foodwaste
food,foodother
food OR beverageware,paperfoodbox
food OR beverageware,paperfoodpackaging
food OR beverageware,paperfood OR beverageware
food OR beverageware,plastic OR styrofoamtakeawaycontainer
food OR beverageware,polystyrenecupsorfoodpacks
foodcans,"cans:food,juice,other(tin)"
foodcans,foodcans
foodcans,cans(food)
foodjars,jars:food(glass)
foodwrappers,foodwrappers
foodwrappers,"foodwrappers(candy,chips,etc.)"
foodwrappers,foodwrappers OR packaging
foodwrappers,foodwrappers(paper)
foodwrappers,foodwrappers(plastic)
foodwrappers,plasticfoodwrappers
foodwrappers,plasticfoodwrapper
foodwrappers,otherfoodplastic
foodwrappers,plasticfoodcontainer
foodwrappers,plasticfoodpackaging
foodwrappers,cardboardfoodpackaging
foodwrappers,cardboard:packaging&cartons
foodwrappersorcontainers,foodbag OR wrapper
foodwrappersorcontainers,foodwrappersorcontainers
foodwrappersorcontainers,foodandbeveragepackaging
foodwrappersorcontainers,foodcontainers
foodwrappersorcontainers,foodwrappers OR containers
foodwrappersorcontainers,foodcontainersincl.fastfoodcontainers
football,football
forsaleposters,forsaleposters
fragments,foampieces
fragments,foamfragments
fragments,foamedplasticfragments
fragments,misc.items OR pieces
fragments,foameduserplastics
fragments,otherfoam
fragments,foampieces(5mm-2.5cm)
fragments,foampieces(2.5cm-10cm)
fragments,foamedplastic<5mm
fragments,foampieces(5mmorless)
fragments,foameduserplastic(>1mm)
fragments,fragmentsofsoftplastic
fragments,othersoftplastics
fragments,glassorceramicfragments>2.5cm
fragments,glasspieces(2.5cm-10cm)
fragments,glasspieces(5mmorless)
fragments,glasspieces(5mm-2.5cm)
fragments,glass&ceramicfragments
fragments,glassorceramicfragments
fragments,glassfragments
fragments,glasspieces
fragments,otherglass
fragments,glasspiece(unid.)
fragments,brokenglass
fragments,otherglass(commentreq.)
fragments,piecesofglass
fragments,hardplastic
fragments,hardplasticfragments
fragments,hardplasticpackaging
fragments,fragmentsofhardplastic
fragments,metalfragments
fragments,metalpiece(unid.)
fragments,metalpieces
fragments,othermetal
fragments,metaldebris
fragments,metalfragments(unidentified)
fragments,mental
fragments,metalobject
fragments,metalitems
fragments,metal(hard)
fragments,microplastics
fragments,endofmicoplasticsampling
fragments,microplastic
fragments,0microplasticpieces
fragments,lessthan100microplasticpieces
fragments,othermetalpieces<50cm
fragments,othermetalpieces<50cm(pleasespecifyinotheritembox*)
fragments,othermetalpieces>50cm
fragments,othermetalpieces>50cm(pleasespecifyinotheritembox*)
fragments,paper OR cardboardfragments
fragments,paperandcardboard
fragments,paper OR cardboard
fragments,bulkpaperandcardboard
fragments,piece
fragments,other(metal)
furniture,furnishing
furniture,furniture
furniture,furnishings
furniture,furnishings(plastic)
furniture,furnishings(wood)
"gasbottles,drums&buckets(>4l)","gasbottles OR cylinder,drums:morethan4litres"
"gasbottles,drums&buckets(>4l)","gasbottles,drums&buckets(>4l)"
"gasbottles,drums&buckets(>4l)","gasbottles OR cylinder,drums"
"gasbottles,drums&buckets(>4l)","gasbottles,drums&buckets"
gloves,gloves(heavyduty)
gloves,gloves
gloves,gloves(indutrial OR professionalgloves)
gloves,gloves(latex)
gloves,gloves(lightweight)
gloves,gloves(typicalwashingupgloves)
gloves,gloves(washingup)
gloves,gloves(non-rubber)
gloves,gloves(cloth)
gloves,gloves(textile)
gloves,gloves(non-rubber OR cloth)
gloves,gloves(rubber)
gloves,gloves(plastic)
gloves,rubbergloves
gloves,rubberglove
gloves,gloves(industrial OR professionalrubbergloves)
golfball,golfball
granules<5mm,granules<5mm
hairtie,hairtie
hardhats,hardhats OR helmets
hardhats,hardhats
hardhats,cardboardandpaper
hardhats,plastic OR polystyrenepieces>50cm
hardhats,plastic OR polystyrenepieces0-2.5cm
hardhats,"plastic OR polystyrenepieces0-2,5cm"
hardhats,plastic OR polystyrenepieces2.5cm><50cm
hardhats,"plastic OR polystyrenepieces2,5cm><50cm"
hardhats,polystyrenepieces<50cm
hardhats,polystyrene(small;<50cm)
hardhats,polyurethanegranules<5mm
hardhats,plasticpieces(5mmorless)
hardhats,plasticpieces(5mm-2.5cm)
hardhats,plasticpieces>50cm
hardhats,plasticpieces2.5cm><50cm
hardhats,plasticorfoampieces
hardhats,plasticpieces(2.5cm-10cm)
hardhats,plasticfragments
hardhats,plasticpieces
hardhats,plasticpiece(unid.)
hardhats,plasticfragments(>1mm)
hardhats,plasticfragmentsangular<5mm
hardhats,plasticfragmentsrounded<5mm
hardhats,plasticfragments(large;>2.5cm)
hardhats,plasticpieces>2.5cm
hardhats,plasticfragmentssubangular<5mm
hardhats,plasticfragments(small;<2.5cm)
hardhats,plasticpieces<2.5cm
hardhats,plasticpieces0-2.5cm
hardhats,plasticfragmentssubrounded<5mm
hardhats,plasticnurdles
hardhats,plasticorfoamfragments
hardhats,rubberfragments
hardhats,otherrubberpieces
hardhats,rubberpieces
hardhats,otherrubber
hardhats,rubberdebris
hardhats,otherrubberitems
hardhats,rubberpieces<50cm
hardhats,woodfragments
hardhats,woodpieces
hardhats,woodpieces(nottwigsetc.)
hardhats,wood(processed)
hardhats,processedtimber
hardhats,otherwood
hardhats,processedtimber&palletcrates
homefoodpackaging,homefoodpackaging
hooksettdisks,hooksettdisks
"ice-creamsticks,chipforks,chopsticks,toothpicks","ice-creamsticks,chipforks,chopsticks,toothpicks"
icelollysticks OR chipforks,icelollysticks OR chipforks
iceteabottles,iceteabottles
iceteacan,iceteacan
industrialpackaging OR crates OR sheeting,industrialpackaging OR crates OR sheeting
industrialpellets,industrialplasticpellets
industrialpellets,industrialpellets
inhaler,inhaler
injectionguncontainers,injectionguncontainers
inner-tubes&rubbersheets,inner-tubesandrubbersheet
inner-tubes&rubbersheets,inner-tubes&rubbersheets
insulation&packaging,foaminsulation&packaging
insulation&packaging,foam OR sponge OR insulation
insulation&packaging,foampackaging OR insulation OR polyurethane
insulation&packaging,polystyreneinsulationorpackaging
jarsincl.pieces,jar
jarsincl.pieces,jarsincl.pieces
jarsincl.pieces,jars
jarsincl.pieces,ceramicjars
jarsincl.pieces,glassjar
jarsincl.pieces,glassjars
jarsincl.pieces,glassjarlid
jerrycans(squareplasticcontainerswithhandle),jerrycans(squareplasticcontainerswithhandle)
juicebottles,juicebottles
juicecarton,carton OR tetrapack.(e.g.fruitjuice)
juicecarton,juicecartons
juicecarton,juicebox OR coatedpaperboard
juicepacket,juicepacket
juicescans,juicescans
largedebrisitems,misc.largedebris
largedebrisitems,largeobjects(specify)
largedebrisitems,"largepieces(carpets,etc)"
largedebrisitems,largeglassobjects(specify)
largedebrisitems,largemetallicobjects
lids,lids(plastic)
lids,plasticlid
lids,plasticlids
lids,plasticcuptops
lids,"plasticlids(coffee,jars+)"
lids,"plasticlids:coffee,jars,etc."
lightbulbs OR tubes,lightbulbs OR tubes
lightbulbs OR tubes,lightbulbs
lightbulbs OR tubes,lightbulbsortubes
lightbulbs OR tubes,fluorescentlighttubes
"lightglobes:bulbs,etc",lightglobes OR bulbs
"lightglobes:bulbs,etc","lightglobes:bulbs,etc."
"lightglobes:bulbs,etc","lightglobes:bulbs,etc"
lightsticks(tubeswithfluid),lightsticks(tubeswithfluid)incl.packaging
lightsticks(tubeswithfluid),lightsticks(tubeswithfluid)
lightsticks(tubeswithfluid),lightsticks OR cyalumes
liquorbottles,spiritbottle
liquorbottles,liquorbottles
lobster OR crabpots&tops,crab OR lobsterpots
lobster OR crabpots&tops,lobster OR crabpotsandtops
lobster OR crabpots&tops,lobster OR crabpots&tops
lobster OR crabpots&tops,crab OR lobsterpotsandtops
lobster OR crabpots&tops,lobster OR crabpots
lobsterandfishtags,tags(fishingandindustry)
lobsterandfishtags,lobsterandfishtags
lobsterclawbands,lobsterbands
lobsterclawbands,lobsterclawbands
lollipopsticks&cottonbuds,lollipopsticks&cottonbuds
lollysticks,lollysticks
lumber OR buildingmaterial,lumber
lumber OR buildingmaterial,buildingmaterials
lumber OR buildingmaterial,lumber OR buildingmaterial
lumber OR buildingmaterial,lumber(processedorcut OR milledwood)
macroplastics,macroplastics
magazines,magazines
maskingtape,maskingtape
matches(&fireworks),matches&fireworks
matches(&fireworks),matches(&fireworks)
mattress OR foam,mattress OR foam
medical OR pharmaceuticalscontainers OR tubes,medical OR pharmeciducalcontainers OR tubes
mediumplastics,mediumplastics
meshvegetablebags,meshvegetablebags
meshvegetablebags,meshbags(e.g.vegetable)
meshvegetablebags,"meshbags:fruit,vegetable,shellfish"
meshvegetablebags,meshbags
middlesizecontainers,middlesizecontainers
milkbottle,milkbottle
milkcarton,milkcarton
milkcarton,cartonse.g.tetrapak(milk)
milkcarton,carton OR purepack(e.g.milk)
miscellaneousitems,otheritemsofconern OR peculiaritems OR animals
miscellaneousitems,miscellaneousitems
miscellaneousitems,otherpaperitems(pleasespecifyinotheritembox*)
miscellaneousitems,othertextiles(pleasespecifyinotheritembox*)
miscellaneousitems,otherrubberpieces(pleasespecifyinotheritembox*)
miscellaneousitems,otherplastic OR polystyreneitems(pleasespecifyinotheritembox*)
miscellaneousitems,other
miscellaneousitems,other:
miscellaneousitems,other(pleasespecifyortakeaphoto)
miscellaneousitems,other(pleasespecifyortakephoto)
miscellaneousitems,otherfragments
miscellaneousitems,other OR unidentified
miscellaneousitems,polystyrene
miscellaneousitems,otherlitteritem
miscellaneousitems,randomdump
miscellaneousitems,otherunknown
miscellaneousitems,misc.foam
miscellaneousitems,misc.paper
miscellaneousitems,otherpaperitems
miscellaneousitems,misc.plastic
miscellaneousitems,miscplastic
miscellaneousitems,misc.recreation
miscellaneousitems,non-plasticitems
miscellaneousitems,otherglassitems
miscellaneousitems,otherplastic OR foampackaging
miscellaneousitems,otherplastic OR polystyreneitems(identifiable)
miscellaneousitems,plastic
miscellaneousitems,otherwood<50cm
miscellaneousitems,otherwood<50cm(pleasespecifyinotheritembox*)
miscellaneousitems,otherwood>50cm
miscellaneousitems,otherwood>50cm(pleasespecifyinotheritembox*)
miscellaneousitems,otherplasticitems
miscellaneousitems,noidplastic
miscellaneousitems,otherplastic(commentreq.)
miscellaneousitems,otherplasticobjects
miscellaneousitems,otherplastic
miscellaneousitems,"polystyrene(foam,fromesky's.buoysetc.)"
miscellaneousitems,foam
miscellaneousitems,styrofoam<5mm
miscellaneousitems,"styrofoamchunks,large"
miscellaneousitems,"styrofoamchunks,small"
miscellaneousitems,woodshreds
miscellaneousitems,"othermedicalitems(swabs,bandagingetc.)(pleasespecifyinotheritembox*)"
miscellaneousitems,glass
miscellaneousitems,otherglassitems(pleasespecifyinotheritembox*)
monofilamentnet OR fiber5-30mm,monofilamentnet OR fiber5-30mm
monofilamentnet OR fiberlargerthan30mm,monofilamentnetlargerthan30mm
monofilamentnet OR fiberupto5mm,monofilamentnet OR fiberupto5mm
motorbikes OR parts,motorbikes OR parts
napkins,nappies
napkins,napkins
napkins,napkins OR wipes
netsandpiecesofnet,netpieces
netsandpiecesofnet,netsandpiecesofnet
netsandpiecesofnet,plasticropeandnetting
netsandpiecesofnet<50cm,netsandpiecesofnet<50cm
netsandpiecesofnet<50cm,fishingnet(small;<50cm)
netsandpiecesofnet<50cm,fishingnetandnetpieces<50cm
netsandpiecesofnet>50cm,netsandpiecesofnet>50cm
netsandpiecesofnet>50cm,fishingnet(large;>50cm)
"newspaper,books","paper:books,newspapers,magazines,etc"
"newspaper,books","newspaper,books"
"newspaper,books","paper:books,newspapers,magazines,etc."
newspapers&magazines,newspapers&magazines
newspapers&magazines,newspapers OR magazines
non-beveragecontainers OR bottles,"otherplasticbottles(oil,bleach,etc.)"
non-beveragecontainers OR bottles,non-beveragecontainers OR bottles
non-foodrelatedplasticpackaging,non-foodrelatedplasticpackaging
octopuspots,octopusjar
octopuspots,octopuspots
octopuspots,octopustops
oil,oil
oil OR tar,oil OR tar
oildrums,oildrums
oildrums,"drums,e.g.oil"
oilorpetrolcan,oilorpetrolcan
"otherbottles,containersanddrums","bottles,containeranddrums"
"otherbottles,containersanddrums","otherbottles,containersanddrums"
othercans(<4l),othercans(<4l)
otherfoodcans OR wrappers,otherfoodcans OR wrappers
otheridentifiableitems,other(specify)
otheridentifiableitems,otheridentifiableitems
otherjugsorcontainers,"misc.jugs,cartons"
otherjugsorcontainers,otherjugsorcontainers
otherjugsorcontainers,otherplasticjugsorcontainers
otherjugsorcontainers,plasticcontainerorjug
"othermedicalitems(swabs,bandagingetc.)","othermedicalitems(swabs,bandaging,adhesiveplasteretc.)"
"othermedicalitems(swabs,bandagingetc.)",medicalwaste(exceptsyringes)
othermixed,othermixed
otherorganicwaste,otherorganicwaste
ovoidpellets<5mm,ovoidpellets<5mm
oysternetsormusselbagsincludingplasticstoppers,oysternetsormusselbagsincludingplasticstoppers
oysternetsormusselbagsincludingplasticstoppers,"nusselsnets,oysternets"
oystertrays(roundfromoystercultures),oystertrays(roundfromoystercultures)
packaging,paperpackaging
packaging,packaging
packaging,styrofoampackaging
packaging,styrofoamcontainer
paintbrushes,paintbrushes
painttins,painttins
pallets,pallets OR crates
pallets,pallets
pallets,palletts
pantyliners,pantyliners
paper,otherpaper
paper,paper
paper,otherpaperorlumber
paper,paperdebris
paper,paperfragments
paper,stationary
paper OR napkins OR tissues,paper OR tissue OR napkin
paper OR napkins OR tissues,paper OR napkins OR tissues
paraffin OR wax,paraffinorwax
paraffin OR wax,paraffin OR wax
parkingtickets&reciepts,parkingtickets&receipts
pegsandchips,pegsandclips
pellet,pellet
pens,pensandpenlids
pens,pens
pens OR pencils,pens OR pencils
personalcareproducts,personalcareproduct
personalcareproducts,personalcareproducts
personalcareproducts,personalhygiene
personalcareproducts,personalhygieneitems
personalcareproducts,personalcareproductsachets
personalcareproducts,otherpersonalcareproduct
personalcareproducttube,personalcareproductortube
personalcareproducttube,personalcareproducttube
pipes&rebar,pipes(plastic OR pvc)
pipes&rebar,pipes&rebar
pipes&rebar,plasticpipeortube
piping,metalpiping
plasters,plasters
plates,styrofoamplates
plates,styrofoamplate
popsiclestick,popsiclestick
pulltabs:beverages,pulltabs
pulltabs:beverages,pulltabs:beverages
reciepts,receipts
reciepts,paperreceipt
reciepts,plastic-coatedreceipt
resinpellets,resinpellets
rigidplasticdisposablefoodandbegerageware,rigidplasticdisposablefoodandbeverageware
rope,rope
rope,plastictraprope
rope,rope(plastic OR nylon)
rope,plasticrope
rope,syntheticrope
rope,plasticrope OR smallnetpieces
rope,polypropylenerope
rope,otherplasticrope
rope&string,rope&string(cloth)
rope&string,rope OR netpieces(non-nylon)
rope&string,"non-plastic(string,twine,rope)"
rope&string,naturalropes
rope&string,"rope,stringandnets"
rope&string,ropeornetpieces(non-nylon)
rope&string,non-nylonrope
rope&string,non-plasticropeandnetting
rope&string,"rope,lineorstring(natural)"
rope OR fishingline,rope OR fishingline
rope<1meter,ropescraps(smallerthan1m OR yd.)
rope<1meter,rope<1meter
rope>1meter,rope(largerthan1meter OR yard)
rope>1meter,rope>1meter
ropediameter<1cm,stringandcord(diameterlessthan1cm)
ropediameter<1cm,stringandcorddiameter<1cm
ropediameter>1cm,rope(diametermorethan1cm)
ropediameter>1cm,ropediameter>1cm
ropelarge,ropelarge
ropemedium,ropemedium
ropes OR strappingbands,ropes OR strappingbands
ropesmall,ropesmall
rubberbands,"rubberbands(small,forkitchen OR household OR potuse)"
rubberbands,rubberbands
rubberbands,rubberband
sacking,sacking(hessian)
sacking,sacking
sacking,burlapsack
"sails,canvas","canvas,sailcloth&sacking"
"sails,canvas","sails,canvas"
saltpackaging,saltpackaging
sanitaryproduct,othersanitaryitems(pleasespecifyinotheritembox*)
sanitaryproduct,sanitaryproduct
sanitaryproduct,sanitaryitems
sanitaryproduct,sanitaryother
sanitaryproduct,"sanitaries(diapers,etc)"
sanitarytowel OR tampon,sanitarytowel OR tampon
sanitarytowels,sanitarytowels
saucepacket,saucepacket
scrap OR metalappliances OR painttins,scrap OR metalappliances OR painttins
scuba&snorkelgear,scuba&snorkelgear
scubaweights,scubaweights
"sharpneedles,lancets,metalcatheters","sharpneedles,lancets,metalcatheters"
sheeting,sheets
sheeting,sheeting
sheeting,sheet
sheeting,plasticsheeting
sheeting,"industrialpackaging,plasticsheeting"
sheeting,"sheets,industrialpackaging,plasticsheeting"
sheeting,plasticsheetingfrommusselculture(tahitians)
sheeting,plasticsheeting OR tape
sheeting,plasticsheets OR tarps
"sheeting:tarpaulin,plasticsheets,palettewrap",plasticsheetingortarps
"sheeting:tarpaulin,plasticsheets,palettewrap","sheeting:tarpaulin,plasticsheets,palettewrap"
sheeting<30cm,sheeting<30cm
sheeting>60cm,sheeting>60cm
sheeting30-60cm,sheeting30-60cm
sheetlikeuserpellets,sheetlikeuserplastics
sheetlikeuserplastic(>1mm),sheetlikeuserplastic(>1mm)
shipping OR packaging,plasticpackaging
shipping OR packaging,shipping OR packaging
shoe,shoes
shoe,shoe
shoe,footwear&shoes
shoe,rubberboots
shoe,rubberbootorshoe
shoe,rubberfootwear(sandalsonly)
shoe,plasticshoes&flipflops
shoe,shoes(leather)
shoes OR sandals,"shoes,flipflops,sandals,tennis,etc"
shoes OR sandals,shoes OR sandals
shoes OR sandals,"shoes,flipflops,sandals,tennis,etc."
shoes OR sandals,"shoesandsandals(e.g.leather,cloth)"
shoppingbagsincl.pieces,shoppingbagsincl.pieces
shoppingtrolleys,shoppingtrolleys
shotguncartridges,shotgunshellsorwadding
shotguncartridges,shotguncartridges
shotguncartridges,shotgunshells OR wadding
shotguncartridges,gunshells
shotguncartridges,shotgunwadding&shells
signs OR cones,signs OR cones
singleuseplasticcarryoutbags,singleuseplasticcarryoutbags
singlueusefoodcontainer,singleusefoodcontainer
"six-packrings,ringcarriers",6-packrings
"six-packrings,ringcarriers","six-packrings,ringcarriers"
"six-packrings,ringcarriers",6-packholders
"six-packrings,ringcarriers",six-packrings
"six-packrings,ringcarriers",6-packholder
"six-packrings,ringcarriers",drinkpackagerings
slack OR coal,slack OR coal
smallelectronicitems,elecsmall
smallelectronicitems,smallelectronicitems
smallindustrialspheres(<5mm),smallindustrialspheres(<5mm)
"smallplasticbags,e.g.,freezerbags","smallplasticbags,e.g.freezerbagsincl.pieces"
"smallplasticbags,e.g.,freezerbags","smallplasticbags,e.g.freezerbags"
softdrinkbottles,softdrinkother
softdrinkbottles,softdrinkbottles
spheruloidspellets<5mm,spheruloidspellets<5mm
sponge,foamsponge
sportdrinkbottles,sportdrinkbottles
sportsdrink,sportsdrink
strappingbands,strappingband
strappingbands,strappingbands
strappingbands,strapbands
strappingbands,strappingbands(metal)
strappingbands,strappingbands(plastic)
strappingbands,plasticpackagingstraps
strappingbands(closed),strappingbands(closed)
strappingbands(open),strappingbands(open)
strappingbands OR zip-ties,strappingbands OR zipties
strappingbands OR zip-ties,strappingbands OR zip-ties
strappingbands OR zip-ties,zipties(cableties)
strappingbands OR zip-ties,cableties&zipties
straws,plasticstraw
straws,staws
straws,straws
"straws,stirrers",straws OR stirrers
"straws,stirrers","straws,stirrers"
"straws,stirrers",strawsandstirrers
"straws,stirrers",strawsorstirrers
"straws,stirrers",straws&stirs
streetfoodbowl,streetfoodbowl
string,plasticstring
string,"plastic(string,twine,rope)"
sunglasses,sunglasses
sweetpapers,sweetwrappers
sweetpapers,sweetpapers
syringes,syringes OR needles
syringes,syringes
syringes,syringe
syringes,syringes(cautionifpickingup!)
syringes,syringes(glass)
syringes,syringes(plastic)
tableware,tableware(plates&cups)
tableware,tableware
takeawaycup,takeawaycup
take-outfoodbags,take-outfoodbag
tamponapplicators,tamponapplicators
tampons,tampons
tampons OR tamponapplicators,tamponsandtamponapplicators
tampons OR tamponapplicators,tampons OR tamponapplicators
tampons OR tamponapplicators,tamponapplicators OR tampons
tampons OR tamponapplicators,tampon OR applic.
tampons OR tamponapplicators,tamponsortamponapplicators
tampons OR tamponapplicators,tampons OR applicators
tanglednets OR cord OR ropeandstring,tanglednets OR cord
tanglednets OR cord OR ropeandstring,tanglednets OR cord OR ropeandstring
tape,tape
telephone(incl.parts),telephone(incl.parts)
thinfilm,thinfilm
thongs,thongs
threadlikeuserpellets,threadlikeuserplastic(>1mm)
threadlikeuserpellets,threadlikeuserplastics
tires,tires OR tyres
tires,tires
tires,tire
tires,tyre
tires,tyres
tires,rubbertire
tires,tyreortyrepieces
tobaccopackaging&wrappers,tobaccopackaging OR wrap
tobaccopackaging&wrappers,tobaccopackaging&wrappers
tobaccopackaging&wrappers,cigarettebox OR wrapper
tobaccopackaging&wrappers,tobaccopouches OR plasticcigaretteboxpackaging
tobaccopackaging&wrappers,tobaccopackagingorwrappers
tobaccopackaging&wrappers,cigaretteortobaccopackaging
tobaccopackaging&wrappers,tobaccopkging
tobaccopackaging&wrappers,plasticsmokingpk
tobaccosachets,tobaccosachets
tobaccosachets,othertobaccoproduct
tobaccosachets,tobaccopouch
toiletfresheners,toiletfresheners
toiletpaper,toiletpaper
toiletries,toiletries
toothbrushes,toothbrush
toothbrushes,toothbrushes
toothpick,toothpick
towels OR pantyliners OR backingstrips,sanitarytowels OR pantyliners OR backingstrips
towels OR pantyliners OR backingstrips,towels OR pantyliners OR backingstrips
towels OR rags,towels OR rags
towels OR rags,"towels,rags"
towels OR rags,towelsorrags
towels OR rags,towelorrag
towels OR rags,towels
towels OR rags,towel
toys,toy
toys,toys
toys,toys(plastic)
toys,plastictoy
toys&partypoppers,toysandpartypoppers
toys&partypoppers,toys&partypoppers
"toys,balls","toys,balls"
"toys,balls,partypoppers","toys,balls,partypoppers"
toys OR partypoppers OR fireworks OR dummies,toys OR partypoppers OR fireworks OR dummies
trafficcones,trafficcones
trap,metaltrap
trap,plastictrap
trap OR potpieces,traps OR potpieces(donotremove)
tubesforfireworks,tubesforfireworks
tyresandbelts,tyresandbelts
tyreswithholes,tyreswithholes
tyreswithoutholes OR wheels,tyreswithoutholes OR wheels
utensil,utensils
utensil,utensil
utensil,cutlery
utensil,"forks,knives,spoons(cutlery)"
utensil,"forks,knives,spoons"
utensil,plasticutensils
utensil,plasticcutlery
utensil,utensils(plastic)
utensil,plasticutensil
utensil,plastictakeawaycutleryorstirrer
utensil,woodenutensils
"vehicledebris,large",metalvehicleparts
"vehicledebris,large","vehicledebris,large"
"vehicledebris,large",plasticvehicleparts
"vehicledebris,small","vehicledebris,small"
waterbottles,plasticwaterbottle
waterbottles,waterbottles
wetwipes,wetwipe
wetwipes,wetwipes
wetwipes,wipes OR oilsorbs
wheels,wheels
winebottle,winebottle
wire,wirepiece
wire,wire
"wire,wiremesh,barbedwire",wire OR wiremesh OR metalpieces
"wire,wiremesh,barbedwire","wire,wiremesh,barbedwire"
"wire,wiremesh,barbedwire","wire,wiremesh&barbedwire"
woodboards,hardboard OR wood
woodboards,woodboards
woodboards,"wood(posts,beams,shiphulls)"
woodentrap,woodentrap
wrappers,foilwrappers
wrappers,wrappers
wrappers,wrappers(foil OR metal)
wrappers,mylar(non-recyclable)filmfoodwrappers
wrappers,"foilwrapper,aluminiumfoil"
bagends,bagends
"bar,pipe,orwire","bar,pipe,orwire"
beverageconatiners,beverageconatiners
computerequiptment&otherelectronicdevices,computerequiptment&otherelectronicdevices
cups&plates,cups&plates
"cups,foodtrays,foodwrappers,drinkcontainers","cups,foodtrays,foodwrappers,drinkcontainers"
cutlery OR trays,cutlery OR trays
degradedbag,degradedbag
degradedbottle,degradedbottle
disposablefood&beverageware,disposablefood&beverageware
dogpoop(unbagged),dogpoop(unbagged)
fertilizer OR animalfeedbags,fertilizer OR animalfeedbags
film(think OR flexiblee.g.strawwrapper),film(think OR flexiblee.g.strawwrapper)
filmstrip,filmstrip
"fishingbouys,pots&traps","fishingbouys,pots&traps"
flowerpots,flowerpots
foil,foil
food,food
food OR beverageware,food OR beverageware
foodjars,foodjars
fragments,fragments
insulation&packaging,insulation&packaging
juicecarton,juicecarton
largedebrisitems,largedebrisitems
lids,lids
medical OR pharmaceuticalscontainers OR tubes,medical OR pharmaceuticalscontainers OR tubes
monofilamentnet OR fiberlargerthan30mm,monofilamentnet OR fiberlargerthan30mm
"othermedicalitems(swabs,bandagingetc.)","othermedicalitems(swabs,bandagingetc.)"
parkingtickets&reciepts,parkingtickets&reciepts
pegsandchips,pegsandchips
piping,piping
plates,plates
reciepts,reciepts
rigidplasticdisposablefoodandbegerageware,rigidplasticdisposablefoodandbegerageware
rope&string,rope&string
ropediameter<1cm,ropediameter<1cm
sheetlikeuserpellets,sheetlikeuserpellets
singlueusefoodcontainer,singlueusefoodcontainer
"smallplasticbags,e.g.,freezerbags","smallplasticbags,e.g.,freezerbags"
sponge,sponge
string,string
take-outfoodbags,take-outfoodbags
threadlikeuserpellets,threadlikeuserpellets
trap,trap
trap OR potpieces,trap OR potpieces
